{
  "mca:recipes/building_blocks/headstones": {
    "criteria": {
      "has_ingredients": "2024-11-19 02:21:26 +0000"
    },
    "done": true
  },
  "bosses_of_mass_destruction:recipes/void_lily": {
    "criteria": {
      "has_amethyst_shard": "2024-11-19 02:21:26 +0000"
    },
    "done": true
  },
  "sophisticatedbackpacks:recipes/sophisticatedbackpacks/blasting_upgrade": {
    "criteria": {
      "has_upgrade_base": "2024-11-19 02:21:26 +0000"
    },
    "done": true
  },
  "betterdungeons:root": {
    "criteria": {
      "always": "2024-11-19 02:21:26 +0000"
    },
    "done": true
  },
  "bosses_of_mass_destruction:recipes/charged_ender_pearl": {
    "criteria": {
      "has_void_thorn": "2024-11-19 02:21:26 +0000",
      "has_ancient_anima": "2024-11-19 02:21:26 +0000"
    },
    "done": true
  },
  "mca:recipes/misc/potions": {
    "criteria": {
      "has_item": "2024-11-19 02:21:26 +0000"
    },
    "done": true
  },
  "sophisticatedbackpacks:recipes/sophisticatedbackpacks/auto_smoking_upgrade": {
    "criteria": {
      "has_smoking_upgrade": "2024-11-19 02:21:26 +0000"
    },
    "done": true
  },
  "lootr:root": {
    "criteria": {
      "always_true": "2024-11-19 02:21:26 +0000"
    },
    "done": true
  },
  "obscure_api:recipes/obscure_book": {
    "criteria": {
      "has_item": "2024-11-19 02:21:26 +0000"
    },
    "done": true
  },
  "mca:recipes/building_blocks/rose_gold_block": {
    "criteria": {
      "has_item": "2024-11-19 02:21:26 +0000"
    },
    "done": true
  },
  "minepiece:mine_piece": {
    "criteria": {
      "mine_piece": "2024-11-19 02:21:26 +0000"
    },
    "done": true
  },
  "mca:recipes/misc/needle_and_thread": {
    "criteria": {
      "has_item": "2024-11-19 02:21:26 +0000"
    },
    "done": true
  },
  "morevillagers:root": {
    "criteria": {
      "always": "2024-11-19 02:21:26 +0000"
    },
    "done": true
  },
  "minecraft:adventure/adventuring_time": {
    "criteria": {
      "minecraft:plains": "2024-11-19 02:21:26 +0000"
    },
    "done": false
  },
  "sophisticatedbackpacks:recipes/sophisticatedbackpacks/smoking_upgrade_from_smelting_upgrade": {
    "criteria": {
      "has_smelting_upgrade": "2024-11-19 02:21:26 +0000"
    },
    "done": true
  },
  "minepiece:mine_piece_skills": {
    "criteria": {
      "mine_piece_skills": "2024-11-19 02:21:26 +0000"
    },
    "done": true
  },
  "tombstone:adventure/find_easter_egg": {
    "criteria": {
      "coded_trigger": "2024-11-19 02:21:26 +0000"
    },
    "done": true
  },
  "mca:recipes/misc/books": {
    "criteria": {
      "has_item": "2024-11-19 02:21:26 +0000"
    },
    "done": true
  },
  "mca:recipes/misc/rose_gold_ingot_smelting": {
    "criteria": {
      "has_item": "2024-11-19 02:21:26 +0000"
    },
    "done": true
  },
  "apotheosis:give_book": {
    "criteria": {
      "tick": "2024-11-19 02:21:26 +0000"
    },
    "done": true
  },
  "mca:recipes/misc/rose_gold_ingot": {
    "criteria": {
      "has_item": "2024-11-19 02:21:26 +0000"
    },
    "done": true
  },
  "sophisticatedbackpacks:recipes/sophisticatedbackpacks/auto_blasting_upgrade_from_auto_smelting_upgrade": {
    "criteria": {
      "has_auto_smelting_upgrade": "2024-11-19 02:21:26 +0000"
    },
    "done": true
  },
  "mowziesmobs:root": {
    "criteria": {
      "custom_test_name": "2024-11-19 02:21:26 +0000"
    },
    "done": true
  },
  "mca:recipes/misc/staff_of_life": {
    "criteria": {
      "has_item": "2024-11-19 02:21:26 +0000"
    },
    "done": true
  },
  "enchantinginfuser:recipes/decorations/enchanting_infuser": {
    "criteria": {
      "has_amethyst_shard": "2024-11-19 02:21:26 +0000",
      "has_crying_obsidian": "2024-11-19 02:21:26 +0000",
      "has_the_recipe": "2024-11-19 02:21:26 +0000"
    },
    "done": true
  },
  "bosses_of_mass_destruction:recipes/brimstone_nectar": {
    "criteria": {
      "has_netherite_scrap": "2024-11-19 02:21:26 +0000",
      "has_ghast_tear": "2024-11-19 02:21:26 +0000",
      "has_dragon_breath": "2024-11-19 02:21:26 +0000"
    },
    "done": true
  },
  "bosses_of_mass_destruction:recipes/levitation_block": {
    "criteria": {
      "has_blazing_eye": "2024-11-19 02:21:26 +0000",
      "has_ancient_anima": "2024-11-19 02:21:26 +0000"
    },
    "done": true
  },
  "farmersdelight:main/root": {
    "criteria": {
      "seeds": "2024-11-19 02:21:26 +0000"
    },
    "done": true
  },
  "bosses_of_mass_destruction:recipes/mob_ward": {
    "criteria": {
      "has_ancient_anima": "2024-11-19 02:21:26 +0000",
      "has_obsidian_heart": "2024-11-19 02:21:26 +0000"
    },
    "done": true
  },
  "tombstone:adventure/root": {
    "criteria": {
      "auto": "2024-11-19 02:21:26 +0000"
    },
    "done": true
  },
  "sophisticatedbackpacks:recipes/sophisticatedbackpacks/auto_smoking_upgrade_from_auto_smelting_upgrade": {
    "criteria": {
      "has_auto_smelting_upgrade": "2024-11-19 02:21:26 +0000"
    },
    "done": true
  },
  "cataclysm:root": {
    "criteria": {
      "custom_test_name": "2024-11-19 02:21:26 +0000"
    },
    "done": true
  },
  "minepiece:advancement_skill_punch_1": {
    "criteria": {
      "advancement_skill_punch_1": "2024-11-19 02:21:26 +0000"
    },
    "done": true
  },
  "dungeons_arise:wda_root": {
    "criteria": {
      "WDA": "2024-11-19 02:21:26 +0000"
    },
    "done": true
  },
  "sophisticatedbackpacks:recipes/sophisticatedbackpacks/auto_blasting_upgrade": {
    "criteria": {
      "has_blasting_upgrade": "2024-11-19 02:21:26 +0000"
    },
    "done": true
  },
  "sophisticatedbackpacks:recipes/sophisticatedbackpacks/blasting_upgrade_from_smelting_upgrade": {
    "criteria": {
      "has_smelting_upgrade": "2024-11-19 02:21:26 +0000"
    },
    "done": true
  },
  "mca:recipes/misc/comb": {
    "criteria": {
      "has_item": "2024-11-19 02:21:26 +0000"
    },
    "done": true
  },
  "mca:recipes/misc/rose_gold_ingot_blasting": {
    "criteria": {
      "has_item": "2024-11-19 02:21:26 +0000"
    },
    "done": true
  },
  "parcool:grant_parcool_guide": {
    "criteria": {
      "tick": "2024-11-19 02:21:26 +0000"
    },
    "done": true
  },
  "mca:recipes/misc/family_tree": {
    "criteria": {
      "has_item": "2024-11-19 02:21:26 +0000"
    },
    "done": true
  },
  "mca:root": {
    "criteria": {
      "village_taiga": "2024-11-19 02:21:26 +0000",
      "village_savanna": "2024-11-19 02:21:26 +0000",
      "village_snowy": "2024-11-19 02:21:26 +0000",
      "village_desert": "2024-11-19 02:21:26 +0000",
      "village_plains": "2024-11-19 02:21:26 +0000"
    },
    "done": true
  },
  "minepiece:advancement_skill_sword_2": {
    "criteria": {
      "advancement_skill_sword_2": "2024-11-19 02:21:26 +0000"
    },
    "done": true
  },
  "bosses_of_mass_destruction:recipes/earthdive_spear": {
    "criteria": {
      "has_void_thorn": "2024-11-19 02:21:26 +0000",
      "has_obsidian_heart": "2024-11-19 02:21:26 +0000"
    },
    "done": true
  },
  "create:root": {
    "criteria": {
      "0": "2024-11-19 02:21:26 +0000"
    },
    "done": true
  },
  "goblinsanddungeons:goblinsanddungeons/root": {
    "criteria": {
      "tick": "2024-11-19 02:21:26 +0000"
    },
    "done": true
  },
  "mca:recipes/misc/blueprint": {
    "criteria": {
      "has_item": "2024-11-19 02:21:26 +0000"
    },
    "done": true
  },
  "minepiece:advancement_skill_sword_1": {
    "criteria": {
      "advancement_skill_sword_1": "2024-11-19 02:21:26 +0000"
    },
    "done": true
  },
  "enchantinginfuser:recipes/decorations/advanced_enchanting_infuser": {
    "criteria": {
      "has_netherite_ingot": "2024-11-19 02:21:26 +0000",
      "has_crying_obsidian": "2024-11-19 02:21:26 +0000"
    },
    "done": true
  },
  "mca:recipes/misc/whistle": {
    "criteria": {
      "has_item": "2024-11-19 02:21:26 +0000"
    },
    "done": true
  },
  "sophisticatedbackpacks:recipes/sophisticatedbackpacks/smoking_upgrade": {
    "criteria": {
      "has_upgrade_base": "2024-11-19 02:21:26 +0000"
    },
    "done": true
  },
  "bosses_of_mass_destruction:recipes/blast_amplifier": {
    "criteria": {
      "has_blazing_eye": "2024-11-19 02:21:26 +0000",
      "has_obsidian_heart": "2024-11-19 02:21:26 +0000"
    },
    "done": true
  },
  "DataVersion": 2586
}